gene,viewField,nucleusIDX,nascentRNA,PCNA,Ratio
APEX1,0,1,33236047,21828922,0.6065079163040294
APEX1,0,2,39252097,35907190,0.12849697446393277
APEX1,0,3,32365144,34919788,-0.10960387753985815
APEX1,0,4,22076225,16242736,0.4426988275292978
APEX1,0,5,29677365,20302635,0.5476960220022992
APEX1,0,6,6273607,11136332,-0.8279070652215162
APEX1,0,7,15850323,9354608,0.7607631356391955
APEX1,0,8,6452756,6190102,0.05995229120520583
APEX1,0,9,8631322,7647256,0.17463937333174853
APEX1,0,10,17287479,8233757,1.0701047222158317
APEX1,0,11,22597174,9406755,1.2643733258615175
APEX1,0,12,15713563,6063640,1.3737543362406708
APEX1,0,13,10474284,12565293,-0.26259268496067845
APEX1,0,14,12121656,13427770,-0.14763292484141918
APEX1,0,15,9355549,5475889,0.7727291133407678
APEX1,0,16,6982680,10795550,-0.6285839821105595
APEX1,0,17,13029402,14072848,-0.11114345307812719
APEX1,0,18,20702259,8028709,1.3665482719813975
APEX1,0,19,15851293,18274340,-0.2052187757217466
APEX1,0,20,27332919,28252729,-0.04775068799285441
APEX1,0,21,10589993,9540392,0.15058118503066906
APEX1,0,22,17948463,13811756,0.3779635527647624
APEX1,0,23,8895525,6059554,0.5538681423695574
APEX1,0,24,10526495,8036383,0.3894069159655807
APEX1,0,25,8238098,7979282,0.04605235432428943
APEX1,0,26,12555551,9210142,0.4470300378653181
APEX1,0,27,14862618,20826402,-0.4867253546543422
APEX1,0,28,13556259,12898339,0.07177381298094469
APEX1,0,29,16170284,7764763,1.0583312214693859
APEX1,0,30,15415851,5676816,1.4412606465442441
APEX1,0,31,13420586,7381276,0.8625055257112826
APEX1,0,32,15780397,6776866,1.2194433506158755
APEX1,0,33,20788017,8754979,1.2475765206477372
APEX1,0,34,14337067,8162849,0.8126052403825508
APEX1,0,35,14731561,10727981,0.45753172348525545
APEX1,0,36,10162715,10032923,0.018543890795126642
APEX1,0,37,12043816,9083165,0.40702557976076564
APEX1,0,38,7051806,7702811,-0.1273922413886521
APEX1,0,39,7944226,8402211,-0.08086235014718046
APEX1,0,40,5533479,9792033,-0.8234216054260968
APEX1,0,41,7681063,8468518,-0.14080353576855978
APEX1,0,42,5669660,7252251,-0.35516663578067187
APEX1,0,43,7772463,9687326,-0.3177266485937323
APEX1,0,44,12769831,12243749,0.060694057420794874
APEX1,0,45,10667296,11117339,-0.05961699101228176
APEX1,0,46,10992672,12450852,-0.17970236165581716
APEX1,0,47,19921723,17300783,0.20350509640786865
APEX1,0,48,13086519,11970119,0.12864389818943442
APEX1,0,49,20767046,13477434,0.6237501706070484
APEX1,0,50,7969559,10000670,-0.3275248581288156
APEX1,0,51,10977318,19114802,-0.8001646408486566
APEX1,0,52,17133100,13714982,0.32103348222005257
APEX1,0,53,22540831,18404898,0.29245094918445813
APEX1,0,54,10064418,11382558,-0.1775610634079044
APEX1,0,55,21218088,20564779,0.04511909031265306
APEX1,0,56,14665262,11456811,0.35619731934356236
APEX1,0,57,8896043,10213667,-0.19926526158876584
APEX1,0,58,22359354,19917124,0.16686916720424394
APEX1,0,59,13493543,6330654,1.0918427537450488
APEX1,0,60,23934020,18419781,0.37780682605543453
APEX1,0,61,15144222,13756444,0.13865987901608356
APEX1,0,62,6642714,8352542,-0.33044253107539445
APEX1,0,63,6894874,7026454,-0.027272608842614364
APEX1,0,64,5467435,5994265,-0.13271870146532516
APEX1,0,65,9225761,9610791,-0.05898725564517179
APEX1,0,66,5398578,6713627,-0.31451293753272647
APEX1,0,67,22144825,21554481,0.038981771363465055
APEX1,0,68,7166741,7702552,-0.10401929927459852
APEX1,0,69,18407209,17356581,0.08478810875882477
APEX1,0,70,21965359,18149166,0.27532682464647
APEX1,0,71,12450425,11267953,0.1439695388968211
APEX1,0,72,25750097,27721286,-0.10641631924329231
APEX1,0,73,10853659,8365852,0.37559710729453355
APEX1,0,74,7168299,13015350,-0.8605113876080979
APEX1,0,75,11582501,15315500,-0.4030456599582545
APEX1,0,76,11075107,10935071,0.018358049517678478
APEX1,0,77,10469917,15907619,-0.6034679086014952
APEX1,0,78,8619044,6580000,0.38944027457129765
APEX1,0,79,16770856,13289260,0.3356955555424774
APEX1,0,80,20643901,14726453,0.4873056311486146
APEX1,0,81,17087014,8024340,1.0904456634278787
APEX1,0,82,6255146,7172907,-0.1975143672801939
APEX1,0,83,18795569,14135341,0.41108590381709564
APEX1,0,84,10398500,11450149,-0.1389909397919642
APEX1,0,85,6585380,9274654,-0.49402677004170964
APEX1,0,86,9483558,11118123,-0.22941291800891728
APEX1,0,87,25886791,22866752,0.17896467626955548
APEX1,0,88,9848103,10368807,-0.07433215609924086
APEX1,0,89,8245049,5796655,0.5083074444015275
APEX1,0,90,25897021,22400048,0.20928432681817508
APEX1,0,91,8230178,8816417,-0.09926882910304861
APEX1,0,92,10017325,15801143,-0.6575316152527394
APEX1,0,93,12831285,11384370,0.17261120125171617
APEX1,0,94,12035640,9340462,0.3657470440274717
APEX1,0,95,16694295,13540627,0.3020606250940948
APEX1,0,96,12732002,10304825,0.30513928395814605
APEX1,0,97,14145076,5207083,1.4417526198702957
APEX1,0,98,12425761,11775271,0.07757394764121331
APEX1,0,99,27097923,19603776,0.46705070902557855
APEX1,0,100,23662394,16641830,0.5077819565989966
APEX1,0,101,13888814,10402864,0.4169426396090241
APEX1,0,102,14735154,12757036,0.20796896958124395
APEX1,0,103,13751600,16707888,-0.28092989154237946
APEX1,0,104,9802780,12818975,-0.38701805865106004
APEX1,0,105,16843821,15270698,0.14145344211765115
APEX1,0,106,11903015,15180332,-0.3508762930307706
APEX1,0,107,6588454,7121961,-0.11233456316065564
APEX1,0,108,18407231,6720564,1.453618402006257
APEX1,0,109,42960436,35864369,0.2604573870008229
APEX1,0,110,26193729,22648629,0.20979773813660277
APEX1,0,111,17937457,17092405,0.06961996652477946
APEX1,0,112,15912246,9475114,0.7479222789093034
APEX1,0,113,15002938,13750082,0.1258048265995979
APEX1,0,114,16459836,14023473,0.23110627535987988
APEX1,0,115,12772920,12436528,0.03850460176580479
APEX1,0,116,5794595,8885035,-0.6166696284645611
APEX1,0,117,14977050,6324507,1.2437285568251903
APEX1,0,118,15537212,14083911,0.14167963395577324
APEX1,0,119,14270243,9734943,0.5517654650505394
APEX1,0,120,15282739,11523362,0.40734143707327625
APEX1,0,121,7236134,5457950,0.4068599460692924
APEX1,0,122,22796848,18068781,0.3353351854528485
APEX1,0,123,14748981,5535000,1.4139600606919653
APEX1,0,124,18149688,12574008,0.5295001618412531
APEX1,0,125,21428278,16494898,0.3774960614181243
APEX1,0,126,5846805,7288598,-0.3179928552858556
APEX1,0,127,6852889,9347871,-0.4479255060962246
APEX1,0,128,11445552,8355370,0.45401142183033066
APEX1,0,129,10475854,6857262,0.6113633079880039
APEX1,0,130,14276644,13165349,0.11691111971138057
APEX1,0,131,15195177,12890664,0.2372869010470113
APEX1,0,132,6725671,8558372,-0.3476581806090327
APEX1,0,133,43218480,34678577,0.31760363304652117
APEX1,0,134,13671715,14846495,-0.11892814786468117
APEX1,0,135,12832817,12512560,0.03646091180078398
APEX1,0,136,22629433,20396079,0.14990860601540063
APEX1,0,137,18144318,15643188,0.2139832741791743
APEX1,0,138,30483024,14069536,1.115431278615084
APEX1,0,139,20306739,15459643,0.3934515756640092
APEX1,0,140,7635484,7845153,-0.03908197376952809
APEX1,0,141,15174728,22359858,-0.5592403690656473
APEX1,0,142,8438564,7773987,0.11834281962721421
APEX1,0,143,14480433,16119600,-0.15471120139709543
APEX1,0,144,14000414,18000177,-0.36254160389362583
APEX1,0,145,11585829,17758509,-0.6161491815038476
APEX1,0,146,9011484,6128929,0.5561297147074482
APEX1,0,147,11320620,7255339,0.6418380431032387
APEX1,0,148,9873686,14797338,-0.5836769915999823
APEX1,0,149,10394914,8234533,0.3361190837216969
APEX1,0,150,16842294,13416494,0.328080938138424
APEX1,0,151,10599207,12310565,-0.21594064577686653
APEX1,0,152,6432796,7680793,-0.2558093310800475
APEX1,0,153,9152807,10790952,-0.23753598318017718
APEX1,0,154,19602223,17364529,0.1748739939628183
APEX1,0,155,25793855,22372154,0.20532323973231528
APEX1,0,156,22479160,13921563,0.6912669316589121
APEX1,0,157,12771878,9145632,0.48181590255370443
APEX1,0,158,5800989,7049254,-0.28117170614139
APEX1,0,159,8559398,9212961,-0.10615557338313347
APEX1,0,160,22476096,19727161,0.18820811941628426
APEX1,0,161,5453081,6043170,-0.1482339415722488
APEX1,0,162,17790315,17512028,0.02274588920939378
APEX1,0,163,12633375,12438573,0.022419122349999605
APEX1,0,164,15320366,13613613,0.17040076000745846
APEX1,0,165,10595132,5731625,0.8863854343585009
APEX1,0,166,15010094,14237237,0.07626382006806506
APEX1,0,167,26593603,23448881,0.18156017433197924
APEX1,0,168,5469465,12115751,-1.1474122069419923
APEX1,0,169,10677026,9884953,0.11120384034371888
APEX1,0,170,17774639,10431805,0.7688314523681488
APEX1,0,171,8423712,7766558,0.1171807490554777
APEX1,0,172,9631552,5276194,0.8682706765265946
APEX1,0,173,11061274,5409557,1.031935201190243
APEX1,0,174,13679144,14276391,-0.06165336589176236
APEX1,0,175,13289243,13228065,0.006656886423603158
APEX1,0,176,18543155,14605108,0.3444137037775004
APEX1,0,177,14591280,14794552,-0.01995956309454134
APEX1,0,178,17254958,10426405,0.7267691564103451
APEX1,0,179,6317092,8362526,-0.40467820796044235
APEX1,0,180,7499293,11184163,-0.5766307958176203
APEX1,1,1,48712300,41772897,0.2217189034927662
APEX1,1,2,11978805,9734429,0.29931573146964985
APEX1,1,3,10697262,10333963,0.0498479578322495
APEX1,1,4,27644217,22790443,0.2785487411608619
APEX1,1,5,21810468,21811245,-5.139523277722153e-05
APEX1,1,6,10266905,9937430,0.04705664296412923
APEX1,1,7,12171544,11446298,0.08863111772201553
APEX1,1,8,6321169,7238928,-0.19558468032461682
APEX1,1,9,15512890,5262373,1.5596820644296676
APEX1,1,10,15246878,15645222,-0.037208268022770594
APEX1,1,11,5934374,7900696,-0.4128838987964434
APEX1,1,12,6449170,7830036,-0.27990544112100757
APEX1,1,13,6662680,5599765,0.25073632023909315
APEX1,1,14,7631117,11506452,-0.5924768976223577
APEX1,1,15,11516708,15058218,-0.3868226628581098
APEX1,1,16,13683481,11377942,0.2661956584483045
APEX1,1,17,16452393,16325670,0.011155238461633039
APEX1,1,18,7055387,7573024,-0.1021442815503606
APEX1,1,19,13549606,5269006,1.3626481733456157
APEX1,1,20,13547562,5602089,1.2739964408851139
APEX1,1,21,15767324,16427805,-0.05920189810190866
APEX1,1,22,8356368,8034069,0.056745175684537026
APEX1,1,23,10071092,12302895,-0.2887777147291412
APEX1,1,24,11829019,11175448,0.08199776641501044
APEX1,1,25,8811033,6910233,0.3505768133415219
APEX1,1,26,9279009,9871644,-0.08931963421069676
APEX1,1,27,14210341,16567595,-0.2214230171890187
APEX1,1,28,13418293,8025622,0.7415160385210773
APEX1,1,29,9667352,12365087,-0.3550797124810244
APEX1,1,30,5796109,5995290,-0.04874481430071204
APEX1,1,31,18987822,22472230,-0.24306886492574042
APEX1,1,32,13085219,12101666,0.11273239750480782
APEX1,1,33,5475871,5275165,0.053872240068332
APEX1,1,34,11049276,6454054,0.775674286840307
APEX1,1,35,11644482,15641662,-0.42574735062939095
APEX1,1,36,9861905,19899410,-1.0127873962663687
APEX1,1,37,9793309,11378202,-0.21640428836212344
APEX1,1,38,11898926,15509800,-0.3823487214375216
APEX1,1,39,10471211,20372544,-0.9601978463667871
APEX1,1,40,16766520,14660658,0.19363342326018426
APEX1,1,41,12094509,13146160,-0.120289247590791
APEX1,1,42,11034661,7505198,0.5560802704864533
APEX1,1,43,18462255,15508524,0.2515173894763062
APEX1,1,44,6640685,11826215,-0.8325844393248052
APEX1,1,45,8310818,5535254,0.5863409621234819
APEX1,1,46,20391986,13824045,0.5608224691198646
APEX1,1,47,16982850,15790905,0.10498473048937464
APEX1,1,48,13616946,10542135,0.3692361008039106
APEX1,1,49,19996474,21228598,-0.08626346406012783
APEX1,1,50,12569398,16760123,-0.415117181963133
APEX1,1,51,5533471,5734942,-0.051594166853839475
APEX1,1,52,19255855,5987617,1.6852433362455066
APEX1,1,53,6706211,7630373,-0.18625570699758534
APEX1,1,54,15442991,13999154,0.1416125564488772
APEX1,1,55,7831081,7955232,-0.022692534329673587
APEX1,1,56,16437812,12169770,0.4337163755243629
APEX1,1,57,9016593,10604569,-0.234031680424919
APEX1,1,58,23137599,24894776,-0.10560387123715471
APEX1,1,59,12688431,11568167,0.13335339784132816
APEX1,1,60,17201969,16223788,0.08446300495961383
APEX1,1,61,16234805,13937707,0.2200968243776039
APEX1,1,62,15917868,18475565,-0.21497136620169013
APEX1,1,63,5729307,11058214,-0.9486858457652486
APEX1,1,64,11525917,11983390,-0.05615455633577583
APEX1,1,65,5854757,6971692,-0.25189954121225505
APEX1,1,66,14010921,11709221,0.25890669531781546
APEX1,1,67,16306483,12101417,0.4302696656362835
APEX1,1,68,7683638,5650978,0.443288978171598
APEX1,1,69,5671709,8293405,-0.5481810328917809
APEX1,1,70,17241651,6649371,1.3746081486097093
APEX1,1,71,11321642,13611561,-0.26574931712964706
APEX1,1,72,10933806,7182629,0.6062117790411423
APEX1,1,73,14535734,17619759,-0.2775902674640964
APEX1,1,74,25383498,22804029,0.15460215373959774
APEX1,1,75,11717411,12832803,-0.13118248813179012
APEX1,1,76,14937641,8233497,0.859375111626024
APEX1,1,77,15593008,10928170,0.512847429156074
APEX1,1,78,15900963,7238696,1.1353124066891775
APEX1,1,79,20251189,11967779,0.7588511754469843
APEX1,1,80,12825630,10134809,0.339710793204656
APEX1,1,81,15911985,16694318,-0.06924333602846104
APEX1,1,82,15058226,14865457,0.01858800118584665
APEX1,1,83,15393861,19446846,-0.3371810641486198
APEX1,1,84,6257174,8817173,-0.49480494364562944
APEX1,1,85,9622560,6782749,0.504550655830043
APEX1,1,86,17817143,15585586,0.19305361789826933
APEX1,1,87,11637045,10259759,0.18172791787847506
APEX1,1,88,8764968,15974951,-0.8659907770222873
APEX1,1,89,8829481,10337067,-0.22742635556499652
APEX1,1,90,15905073,13813803,0.20337643898081811
APEX1,1,91,11493144,7426324,0.6300533431160356
APEX1,1,92,8038727,8356397,-0.05591397772637145
APEX1,1,93,5603872,7701538,-0.45872257827142016
APEX1,1,94,8336154,8336411,-4.4476974663133695e-05
APEX1,1,95,6185505,9004829,-0.5418074946671739
APEX1,1,96,11718183,14613799,-0.3185823841356854
APEX1,1,97,7908125,7181087,0.1391334341494659
APEX1,1,98,18288175,15385127,0.24937476114355794
APEX1,1,99,7048478,9093919,-0.367590388513428
APEX1,1,100,11063337,15263023,-0.46425412434800123
APEX1,1,101,6581530,10121241,-0.6208912850912192
APEX1,1,102,25096245,12229927,1.037055726057459
APEX1,1,103,6248221,5203484,0.26396757734088083
APEX1,1,104,15128375,5264671,1.5228417479295058
APEX1,1,105,8030486,10990115,-0.45264727615241657
APEX1,1,106,10583595,16953386,-0.6797436826231761
APEX1,1,107,10989090,10326039,0.08978497043720063
APEX1,1,108,16441894,12167200,0.4343792944315811
APEX1,1,109,31654719,19919169,0.6682631273332477
APEX1,1,110,21055536,16462640,0.35500389256110954
APEX1,1,111,15655225,17297203,-0.14389452608245587
APEX1,1,112,9691433,10086441,-0.05763530229531324
APEX1,1,113,11765526,14330140,-0.28448688384587456
APEX1,1,114,11724857,6333481,0.8884997722740724
APEX1,1,115,17624618,7834659,1.1696496000222585
APEX1,1,116,8756508,9674272,-0.14379744744688738
APEX1,1,117,6648605,7704100,-0.21257476130336836
APEX1,1,118,8879139,16234798,-0.8705977421588601
APEX1,1,119,8485930,8221479,0.04567482760235896
APEX1,1,120,12895016,9881125,0.38406635115248533
APEX1,1,121,11530031,10852133,0.08741775785594882
APEX1,1,122,5532438,6317853,-0.19151899135203196
APEX1,1,123,9546533,8036383,0.2484305648419033
APEX1,1,124,11176986,15383085,-0.46081365583866357
APEX1,1,125,6135335,10859813,-0.823785236123072
APEX1,1,126,6058010,7760921,-0.3573839097288965
APEX1,1,127,16191026,14412332,0.16789061893119453
APEX1,1,128,15256882,15315493,-0.005531654157403778
APEX1,1,129,10136378,10461236,-0.04551108600804653
APEX1,1,130,16181036,14528040,0.15546390017863948
APEX1,1,131,11840294,9215780,0.3615267220525822
APEX1,1,132,13282095,10131493,0.39063593391946416
APEX1,1,133,9856281,13078821,-0.4081172012941285
APEX1,1,134,9482282,11645229,-0.29643280590210175
APEX1,1,135,8291615,6007334,0.46492825206446864
APEX1,1,136,7505183,5657623,0.4076912048651904
APEX1,1,137,7967011,10986281,-0.46359262581066923
APEX1,1,138,12827955,13689645,-0.09379383712052876
APEX1,1,139,6783774,8357148,-0.3009225777171591
APEX1,1,140,16962089,18198565,-0.10151083614744288
APEX1,1,141,11524409,19592503,-0.7656089503164323
APEX1,1,142,13304115,11251239,0.24178866285683176
APEX1,1,143,9933086,8357155,0.2492301085203094
APEX1,1,144,21286962,16109619,0.4020476941050537
APEX1,1,145,7361552,6712604,0.13313741939240295
APEX1,1,146,6518309,6586919,-0.015106064709305502
APEX1,1,147,8036390,10866212,-0.4352296156090247
APEX1,1,148,8942658,9007164,-0.010369226717828764
APEX1,1,149,9156131,8754469,0.06471842916202677
APEX1,1,150,6847528,10196783,-0.5744589003951334
APEX1,1,151,6910236,11381542,-0.7198891430203516
APEX1,1,152,17413690,21409853,-0.29805294451512926
APEX1,1,153,12820773,8231462,0.639262651326015
APEX1,1,154,14007592,10132516,0.4672165145184025
APEX1,1,155,12962861,19846969,-0.6145345310096727
APEX1,1,156,5788193,10839599,-0.9051264540032923
APEX1,1,157,6194969,7312922,-0.2393509111982024
APEX1,1,158,12639550,22142798,-0.808892434101139
APEX1,1,159,5855016,8223268,-0.49003873454675356
APEX1,1,160,17805356,6585118,1.4350300834538186
APEX1,1,161,28108113,15963207,0.8162360862335377
APEX1,1,162,17615407,14660661,0.26488765714551143
APEX1,1,163,7652906,9890351,-0.3700140426230692
APEX1,1,164,5199138,5659941,-0.12251456530273425
APEX1,1,165,6917666,8702764,-0.33118831511136243
APEX1,1,166,28386399,19911488,0.5115988066485595
APEX1,1,167,9605156,5265703,0.8671828935444262
APEX1,1,168,23328859,21418825,0.12323640924584212
APEX1,1,169,11582762,11374638,0.0261586842433537
APEX1,1,170,13300816,12184387,0.12648108674704173
APEX1,1,171,28825943,17734467,0.7008118328887027
APEX1,1,172,10729270,9884214,0.1183537696363365
APEX1,1,173,5596984,10790972,-0.9471032932171333
APEX1,1,174,5590813,5198114,0.10506981695398918
APEX1,1,175,12839728,6012453,1.09458902403728
APEX1,1,176,8091945,5734440,0.49683390818570333
APEX1,1,177,15386665,13688625,0.16870302947548765
APEX1,1,178,16550962,16023603,0.04671649140406194
PIM2,0,1,19332950,13886276,0.4774020426086487
PIM2,0,2,36100856,23772848,0.6027182964864503
PIM2,0,3,12358199,10584876,0.22346414146224303
PIM2,0,4,8480019,9333788,-0.13839520224474267
PIM2,0,5,18926396,11906876,0.6686047726794185
PIM2,0,6,4745491,5796631,-0.288657284161489
PIM2,0,7,7506975,13212990,-0.8156533909356466
PIM2,0,8,6246701,5723673,0.1261532249779223
PIM2,0,9,13497962,15194984,-0.17085355841628663
PIM2,0,10,6908447,7694633,-0.15549108485542237
PIM2,0,11,5530651,6384163,-0.20704818010293036
PIM2,0,12,6974531,4479257,0.6388367626156317
PIM2,0,13,6443589,5192217,0.3115137960278589
PIM2,0,14,14933586,12775747,0.22515299299783603
PIM2,0,15,7821080,7228701,0.1136314229769753
PIM2,0,16,7312948,6383121,0.19619110739372633
PIM2,0,17,4612644,9603880,-1.0580234265732036
PIM2,0,18,18072636,10650923,0.7628284884829726
PIM2,0,19,5871390,4545551,0.3692469043455375
PIM2,0,20,10208564,11520559,-0.17443077881164895
PIM2,0,21,6646839,11246642,-0.7587539943063621
PIM2,0,22,20232037,7164731,1.4976571358955904
PIM2,0,23,9236261,8315691,0.1514727910693785
PIM2,0,24,13572143,13956410,-0.040279349691343586
PIM2,0,25,10653499,10844743,-0.02566852198660256
PIM2,0,26,8083501,5727266,0.49713365565541295
PIM2,0,27,6712372,7166508,-0.0944476408037746
PIM2,0,28,5929250,8939308,-0.5923135278041194
PIM2,0,29,6191401,8682797,-0.48789395296049465
PIM2,0,30,10734635,10730289,0.0005842045127559217
PIM2,0,31,13088822,16713534,-0.3526815569861177
PIM2,0,32,16823859,18868557,-0.16547543091023434
PIM2,0,33,13547340,10981433,0.3029432801526331
PIM2,0,34,15820596,13199918,0.26127498327605353
PIM2,0,35,4808219,4407309,0.12560455931345615
PIM2,0,36,12352084,4803873,1.3624845526303717
PIM2,0,37,7702319,8949043,-0.21644053536443741
PIM2,0,38,6984265,6219125,0.16739668475775035
PIM2,0,39,9271859,8152876,0.18554955428545644
PIM2,0,40,9864497,7698732,0.3576246384747039
PIM2,0,41,6645289,8674604,-0.3844659565582766
PIM2,0,42,16750642,10325804,0.6979622717921358
PIM2,0,43,16825694,11635271,0.5321611987944055
PIM2,0,44,12361260,19511105,-0.6584696798489248
PIM2,0,45,13615939,13872193,-0.026899396816369228
PIM2,0,46,17802299,11573055,0.6212938132674202
PIM2,0,47,13082473,13339487,-0.028067904025563972
PIM2,0,48,18594377,13332275,0.47994343080434876
PIM2,0,49,12418608,11892022,0.0625094338221121
PIM2,0,50,10581292,10577703,0.0004894214069625811
PIM2,0,51,11770956,11694151,0.009444371025259782
PIM2,0,52,6443570,5195571,0.31057790970893145
PIM2,0,53,19706203,13987924,0.49446796139817933
PIM2,0,54,5789473,5919264,-0.0319857730368602
PIM2,0,55,7824242,4921964,0.6687168870944916
PIM2,0,56,4474141,6903844,-0.6257891427689298
PIM2,0,57,17275963,9406260,0.8770730162013689
PIM2,0,58,5712160,6117163,-0.09882632870238711
PIM2,0,59,5123865,6043930,-0.23825448643226016
PIM2,0,60,15115324,12025401,0.3299269007308282
PIM2,0,61,19309891,11298098,0.7732601008068597
PIM2,0,62,8216114,7823925,0.07056365872919483
PIM2,0,63,12749401,5470512,1.220681696936401
PIM2,0,64,10390361,5456946,0.9290801072381841
PIM2,0,65,8336199,4338221,0.9422861683088085
PIM2,0,66,12939563,14453042,-0.1595842806337924
PIM2,0,67,6167064,6232346,-0.015191511192688764
PIM2,0,68,10387236,10783783,-0.054051560647660944
PIM2,0,69,13158480,8883009,0.5668724879338122
PIM2,0,70,5189398,9463595,-0.8668211466618359
PIM2,0,71,13207107,12811583,0.04386573449363101
PIM2,0,72,11244084,11245365,-0.00016435194560598764
PIM2,0,73,14852178,11623978,0.3535706331988914
PIM2,0,74,5379621,4790560,0.16731022505625825
PIM2,0,75,13273150,9199655,0.528859129268724
PIM2,0,76,15755917,14704249,0.09966061979359235
PIM2,0,77,4861749,8797243,-0.8555760505982075
PIM2,0,78,6512411,5594907,0.21907760079862673
PIM2,0,79,6441516,6307368,0.030362155229524262
PIM2,0,80,10441311,9126243,0.19420989320752574
PIM2,0,81,16943468,13401678,0.33831554740544206
PIM2,0,82,21286262,13741419,0.6313916348592921
PIM2,0,83,19097491,6307408,1.5982639482949277
PIM2,0,84,10258505,11830849,-0.20573310904927428
PIM2,0,85,4470863,9132894,-1.0305187506271645
PIM2,0,86,6376239,6645555,-0.05968398369186505
PIM2,0,87,6241616,7488847,-0.2628240134154213
PIM2,0,88,10913610,11571786,-0.08448315374495816
PIM2,0,89,21271688,15819607,0.42722076192688596
PIM2,0,90,5914939,10504778,-0.8286104780845601
PIM2,0,91,13823812,12172100,0.1835774110076946
PIM2,0,92,12410423,17465673,-0.49296994528781884
PIM2,0,93,5059110,9858105,-0.9624267394903118
PIM2,0,94,8277557,8605492,-0.0560526373423087
PIM2,0,95,4409394,7101505,-0.6875444086491809
PIM2,0,96,9389374,6506552,0.5291357527043041
PIM2,0,97,7823155,6309674,0.3101850814868364
PIM2,0,98,15462224,12316490,0.328156673484291
PIM2,0,99,7313464,9485384,-0.3751512837498381
PIM2,0,100,10053185,10576702,-0.07323719883931085
PIM2,0,101,11372597,10512944,0.1133950077789812
PIM2,0,102,11055937,9680713,0.1916360866355298
PIM2,0,103,6842424,9526840,-0.47749025412303486
PIM2,0,104,12227916,9263176,0.4005997166222925
PIM2,0,105,11557978,6902095,0.7437827927488179
PIM2,0,106,4795430,5910577,-0.3016387898395185
PIM2,0,107,5709105,4726056,0.27262787195409033
PIM2,0,108,14322769,5063981,1.4999665367772181
PIM2,0,109,16037724,14922837,0.10394758137408949
PIM2,0,110,5457198,6704945,-0.29706510885862103
PIM2,0,111,11306314,7887684,0.5194550092443424
PIM2,0,112,13943368,10844726,0.36258548144597186
PIM2,0,113,21409689,14452343,0.5669604390702828
PIM2,0,114,12877887,12414016,0.05292598540957918
PIM2,0,115,5002018,5264160,-0.0736930901847989
PIM2,0,116,16553309,8745012,0.9205873710934844
PIM2,0,117,18460515,12670775,0.5429380322426108
PIM2,0,118,16893027,15045733,0.16707346878416093
PIM2,0,119,5262653,5262403,6.853621686953604e-05
PIM2,0,120,7436605,7302967,0.02616143305215122
PIM2,0,121,17212037,12613475,0.44845205520768006
PIM2,0,122,13867325,10321980,0.42596977900063177
PIM2,0,123,12414024,5191466,1.2577569413373513
PIM2,0,124,14268746,5719850,1.318809331306721
PIM2,0,125,13873986,12556858,0.14390681830508464
PIM2,0,126,17290072,18723937,-0.11493993924754818
PIM2,0,127,8550715,13671232,-0.6770262925580828
PIM2,0,128,9803367,6057010,0.694671539642114
PIM2,0,129,5651776,5782341,-0.03294940321515879
PIM2,0,130,7625794,8739913,-0.1967313594994173
PIM2,0,131,6316086,8942395,-0.5016304583461663
PIM2,0,132,14058849,13130821,0.09852136253882444
PIM2,0,133,14780527,11825515,0.32179469556494456
PIM2,0,134,15118405,13542997,0.15875890676427795
PIM2,0,135,4803630,6971188,-0.5372795033370775
PIM2,0,136,14001738,8558428,0.7101881824587276
PIM2,0,137,10919287,12746081,-0.22317507882964033
PIM2,0,138,21359996,17291364,0.30485969883084474
PIM2,0,139,18265953,17746286,0.0416399018821251
PIM2,0,140,20620391,22650967,-0.1355009530831444
PIM2,0,141,12035647,12163392,-0.015231909826495367
PIM2,0,142,7699755,8091949,-0.07167468610762408
PIM2,0,143,6572072,8470052,-0.3660225409433309
PIM2,0,144,8013617,4411428,0.8612078211975035
PIM2,0,145,15899234,13204563,0.2679207035635888
PIM2,0,146,10282087,5323040,0.9498108117999746
PIM2,0,147,8747580,7170866,0.28673659492822057
PIM2,0,148,16299858,5393713,1.5955087333548459
PIM2,0,149,10317869,8286786,0.3162604634003348
PIM2,0,150,15048029,12417603,0.2771878207710183
PIM2,0,151,8951365,9013058,-0.009908977878371797
PIM2,0,152,7824972,6244151,0.3255801637771705
PIM2,0,153,15898193,16942936,-0.0918211003573456
PIM2,0,154,8360240,14328128,-0.777233866870034
PIM2,0,155,4475722,7165518,-0.6789505724809911
PIM2,0,156,19789716,16242833,0.2849476258957676
PIM2,0,157,7158839,6246465,0.19668566370027157
PIM2,0,158,4405560,5856558,-0.41072760218601395
PIM2,0,159,15106888,4859945,1.6361946056828758
PIM2,0,160,13684337,12239770,0.16094909015714448
PIM2,0,161,21078658,21922158,-0.05660680419980365
PIM2,0,162,6906182,10257494,-0.5707180509064543
PIM2,0,163,8144198,4926768,0.7251310991524094
PIM2,0,164,4671275,6318386,-0.43573969652910444
PIM2,0,165,14070177,10854027,0.3744100749202636
PIM2,0,166,9731416,10058836,-0.04774171812199771
PIM2,0,167,20614505,17274466,0.255018705597215
PIM2,0,168,9596225,7429163,0.3692673045206077
PIM2,0,169,6319926,11905096,-0.9135996831207097
PIM2,0,170,13465943,14845258,-0.14068690338420703
PIM2,0,171,6460198,8373810,-0.37430580093252486
PIM2,0,172,13348192,11586418,0.20420972469352885
PIM2,0,173,18611067,8547911,1.1225169776176902
PIM2,0,174,9665615,7764542,0.3159607024193386
PIM2,0,175,10720341,13016408,-0.2799805814201017
PIM2,0,176,5841712,5196857,0.16875187272220576
PIM2,0,177,8738631,5197109,0.7496979665679737
PIM2,0,178,17146467,19244387,-0.16652637488481545
PIM2,0,179,16416851,6630696,1.3079452051112297
PIM2,0,180,14075210,12040004,0.22532057585922569
PIM2,0,181,4871459,9142579,-0.9082472641799897
PIM2,0,182,8675380,5130295,0.7578851667276946
PIM2,0,183,9410628,8752458,0.104602767941643
PIM2,0,184,18724718,13665096,0.4544483963030337
PIM2,0,185,21668462,11293755,0.9400715165943894
PIM2,0,186,23437181,16611155,0.4966466646546011
PIM2,0,187,6111807,12683128,-1.053239705243495
PIM2,0,188,7038798,5061926,0.47564266711934283
PIM2,0,189,18724479,16823386,0.154457474548059
PIM2,0,190,12556619,13538898,-0.1086622594758045
PIM2,0,191,10520387,10711098,-0.025918602876591056
PIM2,0,192,15240039,13204060,0.20688499538629748
PIM2,0,193,9611623,4874548,0.979511613317046
PIM2,0,194,11443303,9608295,0.2521511809761809
PIM2,0,195,5924140,7825969,-0.40166366051350816
PIM2,0,196,14203003,15895402,-0.1624135061792593
PIM2,0,197,4476974,6579768,-0.5555127761816816
PIM2,0,198,6447920,6381620,0.01491113986926832
PIM2,0,199,10055489,11429441,-0.18477160299111792
PIM2,0,200,14258035,5134162,1.4735744439367535
PIM2,0,201,5587517,10244160,-0.8745224703703423
PIM2,0,202,4997216,6310203,-0.3365618390608809
PIM2,0,203,16552268,14255169,0.2155437663392331
PIM2,0,204,5656402,4407599,0.3598916814190439
PIM2,0,205,6513480,9199422,-0.49811467185151337
PIM2,0,206,22978721,20942991,0.13383100221977642
PIM2,0,207,4413515,4741189,-0.1033208040164772
PIM2,0,208,12242021,9215829,0.40965589517381606
PIM2,0,209,17775523,16511636,0.10640893621140846
PIM2,0,210,13729615,11505748,0.2549363929788625
PIM2,0,211,4546602,5063712,-0.1554066343132284
PIM2,0,212,18266230,19557954,-0.09857655045606718
PIM2,0,213,4747347,4480795,0.08336678165444973
PIM2,0,214,17611692,20162469,-0.195138796018547
PIM2,0,215,10523983,7428149,0.5026061636943111
PIM2,0,216,14931588,13807231,0.11294358641297018
PIM2,0,217,7838787,7316036,0.09956825000761156
PIM2,0,218,13025630,10188867,0.35435951882423555
PIM2,0,219,5400106,5799222,-0.10287164056447595
PIM2,0,220,23269541,18803561,0.30743684939605265
PIM2,0,221,12807746,6514487,0.9752931224300586
PIM2,0,222,7695929,5268802,0.5466205246771391
PIM2,0,223,11111029,9664614,0.20120841373036671
PIM2,0,224,20105087,11171404,0.8477500667923218
PIM2,0,225,13674837,6983250,0.9695531094539759
PIM2,0,226,8619062,11117146,-0.36718368954459074
PIM2,0,227,8625217,10785853,-0.3225076178515362
PIM2,0,228,10852435,6462038,0.747957642176568
PIM2,0,229,10783021,7177255,0.5872573399153344
PIM2,0,230,10849605,9207103,0.2368233284565286
PIM2,0,231,8025120,9992249,-0.3162864632823252
PIM2,1,1,21675165,16232804,0.41713074815495055
PIM2,1,2,7977005,10992674,-0.4626232814392411
PIM2,1,3,4223761,5337362,-0.3375986610329308
PIM2,1,4,5605687,4619290,0.27922007034848495
PIM2,1,5,4556838,6211119,-0.4468201266475166
PIM2,1,6,13085758,13021782,0.0070706043297491085
PIM2,1,7,13536564,13270829,0.02860308904795597
PIM2,1,8,8223282,6190635,0.4096269034454824
PIM2,1,9,13281599,10851630,0.29151708320519704
PIM2,1,10,7371817,5587521,0.3998119090618314
PIM2,1,11,4224534,7179291,-0.765049166570611
PIM2,1,12,5907227,5605915,0.07553118260601634
PIM2,1,13,13925675,13993018,-0.00695989604994035
PIM2,1,14,8745252,6120733,0.5147955209737876
PIM2,1,15,9141793,9930797,-0.11943235446299112
PIM2,1,16,9732667,10192696,-0.0666285996522781
PIM2,1,17,4213288,4422189,-0.06981415090659393
PIM2,1,18,14925113,16105285,-0.1097923365906345
PIM2,1,19,5207086,6584882,-0.3386813534442611
PIM2,1,20,13748825,16370517,-0.251791556001371
PIM2,1,21,6777633,5601567,0.27495105119275504
PIM2,1,22,14662730,12423742,0.2390539634386277
PIM2,1,23,4081174,7563809,-0.8901287121527288
PIM2,1,24,7888177,4869663,0.695869988658865
PIM2,1,25,13804601,9606702,0.5230360487106596
PIM2,1,26,5069596,6776354,-0.4186384613900756
PIM2,1,27,9491010,11592278,-0.28853057131140764
PIM2,1,28,4078359,12025398,-1.560023962957536
PIM2,1,29,11779368,9090853,0.37377456134145376
PIM2,1,30,5929761,7044649,-0.2485538680904312
PIM2,1,31,5068572,7434274,-0.5526125164956955
PIM2,1,32,12226649,8089936,0.5958288590577403
PIM2,1,33,10785585,12229687,-0.18128305173604686
PIM2,1,34,4670239,8613927,-0.8831747153955751
PIM2,1,35,10126900,14456906,-0.5135662158624713
PIM2,1,36,4021037,7040309,-0.808071138997895
PIM2,1,37,17344313,15900484,0.12539201644943307
PIM2,1,38,4282649,5335578,-0.31714112503339964
PIM2,1,39,5396508,4739877,0.18717654108680704
PIM2,1,40,4929834,5332248,-0.11320481273722907
PIM2,1,41,4677664,7047716,-0.5913675539382064
PIM2,1,42,7766593,9075272,-0.22465901851858028
PIM2,1,43,9673266,10517297,-0.1206889956863204
PIM2,1,44,16628607,4475689,1.8934856201811308
PIM2,1,45,6255646,6319650,-0.014685785645065865
PIM2,1,46,15311718,11972183,0.35494992834590955
PIM2,1,47,7961894,6907947,0.20485465027205005
PIM2,1,48,13538358,10254633,0.4007769116690292
PIM2,1,49,12612658,8546601,0.5614496657031454
PIM2,1,50,5793823,8226853,-0.5058250539393354
PIM2,1,51,13738302,13672786,0.006896463816920602
PIM2,1,52,14448954,12287290,0.23379829587721238
PIM2,1,53,10000689,12620859,-0.335710708004509
PIM2,1,54,7167535,5594401,0.3574933761668445
PIM2,1,55,15253324,10260024,0.5720895629606697
PIM2,1,56,14007615,14861634,-0.08538140847471316
PIM2,1,57,6052130,6971685,-0.20406440895022943
PIM2,1,58,4739102,5263646,-0.15144875314181622
PIM2,1,59,17155914,15783251,0.12031158991933143
PIM2,1,60,5261076,8349979,-0.6664146782638988
PIM2,1,61,5788454,8940333,-0.6271504886187087
PIM2,1,62,5720613,4609301,0.3116217665248701
PIM2,1,63,7960614,6778913,0.2318257542573943
PIM2,1,64,7836720,5141796,0.6079775789567456
PIM2,1,65,16493118,13797687,0.257437725458374
PIM2,1,66,10589754,8230710,0.36358028458742564
PIM2,1,67,13741370,12760114,0.10688462816356739
PIM2,1,68,17213248,11704634,0.5564395253309669
PIM2,1,69,12051513,10014256,0.2671590386906381
PIM2,1,70,7699236,5662753,0.4432116901735088
PIM2,1,71,4943910,6520872,-0.3994124206020586
PIM2,1,72,19905375,16952154,0.23168945192002274
PIM2,1,73,7114035,5400874,0.3974751810177083
PIM2,1,74,4747305,10981940,-1.2099522875753692
PIM2,1,75,6119974,5133345,0.2536262998733063
PIM2,1,76,8298027,7773478,0.09420811951232655
PIM2,1,77,7960364,7571508,0.07225373463353985
PIM2,1,78,9287743,8099895,0.19742484584419137
PIM2,1,79,15117633,14006078,0.11017924440827888
PIM2,1,80,7627822,9405490,-0.30223192827361167
PIM2,1,81,5196844,5468706,-0.07356375175305528
PIM2,1,82,8874542,9463344,-0.0926774029804612
PIM2,1,83,9220665,14278215,-0.6308729236466386
PIM2,1,84,9547059,8290861,0.20353444272564664
PIM2,1,85,11325754,9747002,0.21657665382356275
PIM2,1,86,14856004,5325865,1.4799583441359057
PIM2,1,87,10464055,8817974,0.2469229006485716
PIM2,1,88,6645026,5072415,0.3896020598416892
PIM2,1,89,9870637,8688169,0.18409102543935346
PIM2,1,90,5662773,4012322,0.4970713076950975
PIM2,1,91,11236655,11105587,0.016926978305497803
PIM2,1,92,15046462,13337653,0.1739194732457969
PIM2,1,93,8292668,4875550,0.7662713593905606
PIM2,1,94,10848057,9071920,0.2579568409413561
PIM2,1,95,11795007,10606134,0.15327739377430552
PIM2,1,96,7701029,10127402,-0.3951409899825967
PIM2,1,97,7235623,7563305,-0.06389955791131374
PIM2,1,98,12358971,6118949,1.014202850566785
PIM2,1,99,9998646,11767609,-0.23501657049533287
PIM2,1,100,9419578,10796604,-0.19684326039409997
PIM2,1,101,12889906,8825137,0.5465511630091275
PIM2,1,102,12026926,5913625,1.0241532806261124
PIM2,1,103,11105847,11041342,0.008403893312107053
PIM2,1,104,9464631,10970421,-0.21300072613722446
PIM2,1,105,12229168,10456628,0.225908561144936
PIM2,1,106,16303427,13199908,0.3046473781677512
PIM2,1,107,12759350,11576114,0.14040380119508614
PIM2,1,108,4481812,5207065,-0.21638828313259864
PIM2,1,109,14465363,11049538,0.38861647798625226
PIM2,1,110,14601024,11449138,0.3508305692323232
PIM2,1,111,15305795,13078586,0.2268714106586403
PIM2,1,112,12760378,6516520,0.9694974300311261
PIM2,1,113,7698991,8290608,-0.10680852291854642
PIM2,1,114,7486026,5520434,0.4394183670966771
PIM2,1,115,10541886,9340483,0.1745639366573127
PIM2,1,116,14778685,13534272,0.1269006169329713
PIM2,1,117,11375925,8676908,0.3907309209295209
PIM2,1,118,13217854,10588215,0.3200285704092659
PIM2,1,119,12625727,8287019,0.607441326833137
PIM2,1,120,9922869,10309675,-0.055169641627168656
PIM2,1,121,13675345,5857849,1.2231343197074027
PIM2,1,122,4809760,6258457,-0.37984210232351345
PIM2,1,123,6494747,6101792,0.09004032555349663
PIM2,1,124,5922598,7627055,-0.3648959376778966
PIM2,1,125,4347957,4347960,-9.95429262468365e-07
PIM2,1,126,4478748,6578723,-0.554712074511994
PIM2,1,127,19388750,18540363,0.064550304722607
PIM2,1,128,15444291,12153146,0.3457438202209942
PIM2,1,129,12432702,12362563,0.008161998459704781
PIM2,1,130,8881195,9018932,-0.02220279318172064
PIM2,1,131,5922591,8489263,-0.519410850361145
PIM2,1,132,12617010,9725997,0.37545200686890456
PIM2,1,133,6987075,6383640,0.13030933211096477
PIM2,1,134,9406003,7438895,0.338493458156186
PIM2,1,135,13567818,8956726,0.5991453449805159
PIM2,1,136,6711851,4411935,0.6052991527686092
PIM2,1,137,16696129,14267193,0.22681213282450136
PIM2,1,138,6846766,6784813,0.013113653416429779
PIM2,1,139,8034097,8698175,-0.1145768549842123
PIM2,1,140,14127943,9133870,0.6292532660033744
PIM2,1,141,10051378,8475436,0.2460338106329512
PIM2,1,142,13530196,11029825,0.2947728373075651
PIM2,1,143,4138786,5920823,-0.5165900712378939
PIM2,1,144,9080376,8950078,0.020851782305760177
PIM2,1,145,15709265,9925693,0.6623759437381438
PIM2,1,146,5724475,5854784,-0.0324725588968682
PIM2,1,147,12087624,11176513,0.1130605427279026
PIM2,1,148,14185281,12606263,0.17025406303031165
PIM2,1,149,16247371,13285957,0.29030414314170727
PIM2,1,150,11234096,10706987,0.069331480949525
PIM2,1,151,7960633,9471551,-0.25071753837112476
PIM2,1,152,15777891,18926703,-0.2625187418670257
PIM2,1,153,19345267,21311618,-0.13965948742907494
PIM2,1,154,9601858,9073724,0.08161882323986876
PIM2,1,155,6839866,7428666,-0.11913510107379366
PIM2,1,156,15016281,10531914,0.5117599067269042
PIM2,1,157,14075995,17676901,-0.3286284661960266
PIM2,1,158,16621664,13402957,0.3105134905467223
PIM2,1,159,11449421,8223046,0.47752983822301937
PIM2,1,160,5656378,6067006,-0.10110620346952287
PIM2,1,161,7085872,6560811,0.11107124329168172
PIM2,1,162,9227100,4413999,1.0637909894088278
PIM2,1,163,7954234,10385984,-0.38484299850600084
PIM2,1,164,11042365,12031830,-0.12380689354833008
PIM2,1,165,4415528,4945457,-0.16351788099470652
PIM2,1,166,5774624,5904933,-0.032193678097531445
PIM2,1,167,6698289,4143919,0.6927968196123784
PIM2,1,168,7768123,10200651,-0.3930232775493819
PIM2,1,169,13151825,11901768,0.14408710668509683
PIM2,1,170,12704586,12039495,0.07757448442929495
PIM2,1,171,13483593,11711550,0.20327295933181852
PIM2,1,172,4332321,4007979,0.11226519280615893
PIM2,1,173,6512926,7963700,-0.2901330395790594
PIM2,1,174,13289553,9604680,0.4684831263417964
PIM2,1,175,6517575,6649155,-0.028835729620211546
PIM2,1,176,19124841,17090138,0.1622837070031525
PIM2,1,177,22878827,22408268,0.029981943802327198
PIM2,1,178,3958307,4681509,-0.24209012164092467
PIM2,1,179,8413505,6247481,0.42943233235236894
PIM2,1,180,6054192,6116663,-0.014810363512472745
PIM2,1,181,7297349,6514495,0.16371910692995917
PIM2,1,182,7103780,7040043,0.01300266218892184
PIM2,1,183,5907770,6039610,-0.031841731882232625
PIM2,1,184,7043385,8226622,-0.22403121117291316
PIM2,1,185,7371061,10192704,-0.4675926289103649
PIM2,1,186,4725551,4856115,-0.0393200295413944
PIM2,1,187,8223796,9142328,-0.15275710215876848
PIM2,1,188,13021810,12104300,0.10541034385026762
PIM2,1,189,8086876,9267810,-0.196645977636749
PIM2,1,190,20366752,17027742,0.2583287879390118
PIM2,1,191,11048508,9014850,0.29347616833250034
PIM2,1,192,11384701,4536874,1.3273259038007383
PIM2,1,193,7107382,5664307,0.32741878159429705
PIM2,1,194,4596022,4923191,-0.09920800760231377
PIM2,1,195,15369816,10575163,0.5394199934260162
PIM2,1,196,5399347,4871984,0.14827554217156827
PIM2,1,197,9006192,9728126,-0.11124468054180715
PIM2,1,198,4737327,5396532,-0.1879593196041703
PIM2,1,199,5667637,8756804,-0.6276570609732437
PIM2,1,200,18464159,14189927,0.379860385116112
PIM2,1,201,13538916,9794649,0.46704653517969935
PIM2,1,202,12050515,13886294,-0.20456681766151757
PIM2,1,203,12676421,4004903,1.662308273712532
PIM2,1,204,8410153,12677189,-0.5920309305115653
PIM2,1,205,17113719,14874197,0.20234152241759398
PIM2,1,206,20899184,14922050,0.48600086647290447
PIM2,1,207,4930105,6841403,-0.4726738429391095
PIM2,1,208,8880426,10455615,-0.23557713344758466
PIM2,1,209,11172168,7698493,0.5372612059730677
PIM2,1,210,12126298,10475602,0.21110602830152725
PIM2,1,211,5859630,8287022,-0.5000441820741175
PIM2,1,212,8290876,6650682,0.31802225187962524
PIM2,1,213,9358402,8488505,0.1407517145766012
PIM2,1,214,10925913,12624466,-0.20846852444310823
PIM2,1,215,4347436,5266736,-0.2767443555729362
PIM2,1,216,15388270,11640926,0.40262522347247326
PIM2,1,217,4934025,8278093,-0.7465334309893059
PIM2,1,218,9598267,8351812,0.20068470872786867
PIM2,1,219,12095306,10062411,0.26547124568675745
PIM2,1,220,9718807,8345133,0.2198441888156335
PIM2,1,221,8754288,4276274,1.0336355508318595
PIM2,1,222,9796413,7957045,0.3000208387508397
PIM2,1,223,8945470,9534013,-0.09192630830673004
PIM2,1,224,5530928,5992514,-0.11563981277724518
PIM2,1,225,6380577,4937774,0.3698260874022913
PIM2,1,226,5329449,5269548,0.016307164865262843
PIM2,1,227,8553050,7568990,0.17633817284977485
PIM2,1,228,6123568,7371317,-0.26754989370516286
PIM2,1,229,4804147,6316341,-0.3948087638933049
PIM2,1,230,11440695,9676367,0.24163730247672735
PIM2,1,231,16088409,13406817,0.26305490521502123
PIM2,1,232,4151880,5665364,-0.4484039055677396
PIM2,1,233,15323229,8154934,0.9099752364037644
PIM2,1,234,13353334,13880942,-0.05590548414977206
PIM2,1,235,10921808,7635007,0.5165103154393813
PIM2,1,236,6386238,8420168,-0.3988826986236668
PIM2,1,237,6183958,8284713,-0.42192119945356305
PIM2,1,238,12099665,9605950,0.33296690023848613
PIM2,1,239,14871144,13951329,0.09211307523095931
PIM2,1,240,18009764,17477764,0.04325864937008884
PIM2,1,241,14143077,10662991,0.40748385528925696
PIM2,1,242,4148801,5014347,-0.2733673771495137
PIM2,1,243,12951869,11187021,0.21133438773549099
PIM2,1,244,8225616,4545563,0.8556647300214281
PIM2,1,245,10394770,4343109,1.2590577707344937
POLR2B,0,1,10138463,6919254,0.5511505480061274
POLR2B,0,2,6493545,5133157,0.33915991239968457
POLR2B,0,3,18072418,12828935,0.4943881351667703
POLR2B,0,4,9154183,13483188,-0.5586586133611894
POLR2B,0,5,4486230,4289851,0.06457604713221791
POLR2B,0,6,3438643,4366405,-0.3446066087605182
POLR2B,0,7,6983550,8101797,-0.2142813382477587
POLR2B,0,8,8548680,7428670,0.20259773152756008
POLR2B,0,9,11920320,6062179,0.975514608542504
POLR2B,0,10,9937259,7239000,0.45705755096214545
POLR2B,0,11,8516690,6404121,0.41129227139989527
POLR2B,0,12,6593835,6270492,0.07253914108410085
POLR2B,0,13,4288290,4482347,-0.0638518662973784
POLR2B,0,14,18082267,10517118,0.7818361439910734
POLR2B,0,15,8028780,6126673,0.39007692990245335
POLR2B,0,16,12303973,9485649,0.37530585245854636
POLR2B,0,17,6186281,8156718,-0.3989164084589528
POLR2B,0,18,13418177,11373990,0.2384502386199957
POLR2B,0,19,3628060,4481323,-0.3047264002523758
POLR2B,0,20,6190951,7896941,-0.35113287095601065
POLR2B,0,21,7510100,5473586,0.45634579874481496
POLR2B,0,22,8823164,10198137,-0.20893761781336584
POLR2B,0,23,9752804,9153711,0.09146031946781974
POLR2B,0,24,4436542,5804637,-0.3877702229232031
POLR2B,0,25,5602115,3368503,0.7338640151096075
POLR2B,0,26,7785767,6611752,0.23580655901649097
POLR2B,0,27,8501384,3764029,1.175419983458837
POLR2B,0,28,12427849,7969089,0.6410899031339733
POLR2B,0,29,4286002,5665340,-0.402530017389675
POLR2B,0,30,9348452,9082972,0.04156305770411852
POLR2B,0,31,12439983,11190410,0.1527216184526243
POLR2B,0,32,7901763,8764508,-0.14949853108689473
POLR2B,0,33,5342042,4427341,0.2709508226134599
POLR2B,0,34,6990408,6658630,0.07015128578532114
POLR2B,0,35,8104313,3763258,1.1067076936023887
POLR2B,0,36,3363105,8029489,-1.2555143547915735
POLR2B,0,37,8373149,5401681,0.6323618550686234
POLR2B,0,38,3760177,5201715,-0.4681867823237891
POLR2B,0,39,11475887,3842903,1.5783372010308336
POLR2B,0,40,8550803,4951913,0.7880739407425383
POLR2B,0,41,9670767,7763826,0.3168625308288759
POLR2B,0,42,7387524,3309130,1.1586389428112036
POLR2B,0,43,7300398,4609562,0.6633454459064647
POLR2B,0,44,11318858,9873741,0.19705969978137383
POLR2B,0,45,14331207,14060605,0.027501449027505686
POLR2B,0,46,11140773,10279314,0.11610534912800247
POLR2B,0,47,13668673,11835714,0.20772644757193365
POLR2B,0,48,10206260,10535477,-0.04580133518467766
POLR2B,0,49,14591541,9601066,0.603865751760273
POLR2B,0,50,4156479,5933916,-0.513622581742931
POLR2B,0,51,9940607,10334590,-0.05607530004265071
POLR2B,0,52,5671997,6198334,-0.12802372777063456
POLR2B,0,53,13685899,12563859,0.12341054832966016
POLR2B,0,54,7762715,5667867,0.45375541656009455
POLR2B,0,55,12946496,13402196,-0.04990772914513243
POLR2B,0,56,11518159,10791851,0.093967808005414
POLR2B,0,57,4217890,5400867,-0.35666955037192366
POLR2B,0,58,8959627,10204312,-0.18766833805141336
POLR2B,0,59,18557078,16591519,0.16152358628396823
POLR2B,0,60,8425523,5662509,0.573324803730949
POLR2B,0,61,6323010,6581827,-0.05787660527742332
POLR2B,0,62,8446024,3630117,1.2182562991096264
POLR2B,0,63,10386598,3492657,1.5723263214921332
POLR2B,0,64,3750988,3944777,-0.07267309875226993
POLR2B,0,65,5925212,3953450,0.5837545948288896
POLR2B,0,66,10917954,4477211,1.2860303081404152
POLR2B,0,67,9808218,6051122,0.6967883731658777
POLR2B,0,68,15129653,12311095,0.2974198127615427
POLR2B,0,69,3960376,4676916,-0.2399201104205346
POLR2B,0,70,4218662,7303229,-0.7917489652308988
POLR2B,0,71,3686930,4873504,-0.4025394027977518
POLR2B,0,72,5409383,12106929,-1.1622970093975398
POLR2B,0,73,9674838,5660982,0.7731851679140392
POLR2B,0,74,9206091,3365430,1.4517978539933292
POLR2B,0,75,6464615,8299180,-0.3604043451777073
POLR2B,0,76,16988587,9903519,0.7785527118407881
POLR2B,0,77,7440711,5470524,0.4437614554733253
POLR2B,0,78,10328993,7570801,0.4481817567240203
POLR2B,0,79,18987164,11252616,0.7547639976520994
POLR2B,0,80,15384171,11709529,0.3937636573528104
POLR2B,0,81,10942859,8636027,0.3415500559602065
POLR2B,0,82,10795585,8432711,0.3563730060595895
POLR2B,0,83,3954487,6121563,-0.6304095071745857
POLR2B,0,84,7306678,4026690,0.8596212214270208
POLR2B,0,85,16464680,8836992,0.8977471894503151
POLR2B,0,86,9819023,6599025,0.5733265991414214
POLR2B,0,87,4145180,3494174,0.24648329838425442
POLR2B,0,88,5620340,5353078,0.07028873389257242
POLR2B,0,89,3563307,3891762,-0.12720669951545233
POLR2B,0,90,15662458,12307308,0.3477954078595824
POLR2B,0,91,11709329,10131323,0.2088358240085603
POLR2B,0,92,16065242,8050839,0.9967316697407519
POLR2B,0,93,9286053,10865885,-0.2266682631196619
POLR2B,0,94,6133314,5995586,0.03276604533502483
POLR2B,0,95,4545567,5133091,-0.17536757405981243
POLR2B,0,96,12507336,12314553,0.02241027429958788
POLR2B,0,97,4150311,4938808,-0.25094343628795246
POLR2B,0,98,16102182,11895217,0.4368746100435297
POLR2B,0,99,12431256,10399116,0.2575111733063889
POLR2B,0,100,19976662,17871077,0.16068895518588974
POLR2B,0,101,6595148,5738820,0.20065091047953973
POLR2B,0,102,11255934,7705705,0.5466869133571781
POLR2B,0,103,6402374,6801504,-0.08724684570247582
POLR2B,0,104,6008907,3499327,0.7800251076814825
POLR2B,0,105,8441490,9017257,-0.09519097007139687
POLR2B,0,106,9877934,7248498,0.44652725174757685
POLR2B,0,107,4200505,3738161,0.16823407807192478
POLR2B,0,108,4022104,5140833,-0.35405176083470896
POLR2B,0,109,8302933,6864451,0.27447671440537236
POLR2B,0,110,9345891,8949851,0.06246854719705337
POLR2B,0,111,10929359,10398400,0.07184723213025652
POLR2B,0,112,6130815,5929321,0.04821196827370832
POLR2B,0,113,3948365,3824429,0.04601099878557384
POLR2B,0,114,10140288,8698224,0.22130586048423684
POLR2B,0,115,12029111,7825013,0.62036497148416
POLR2B,0,116,6975074,7701367,-0.1429060254129291
POLR2B,0,117,4484155,5733454,-0.35456837504533417
POLR2B,0,118,17032662,17150399,-0.009938212246474164
POLR2B,0,119,13548185,11444137,0.24349091836903133
POLR2B,0,120,14013082,12770748,0.13393126506181385
POLR2B,0,121,15119827,5529949,1.4511035520708293
POLR2B,0,122,4698205,4217655,0.15566857589233613
POLR2B,0,123,4498232,5292104,-0.23448334240838994
POLR2B,0,124,7658900,8373115,-0.12862723811661694
POLR2B,0,125,4019746,4023362,-0.0012972064081016258
POLR2B,0,126,8099718,7898243,0.036339925040406444
POLR2B,0,127,6392920,6583637,-0.04240975221785724
POLR2B,0,128,13283822,9151168,0.5376424991459724
POLR2B,0,129,14342379,24241086,-0.7571699862654115
POLR2B,0,130,4679978,8640879,-0.8846763312131377
POLR2B,0,131,10926264,12431824,-0.18623779754391187
POLR2B,0,132,10125923,9273968,0.12679476500797945
POLR2B,0,133,8946812,8555912,0.06445205719713575
POLR2B,0,134,7429970,5720399,0.37724060656431424
POLR2B,0,135,4354154,4811897,-0.14421332713138169
POLR2B,0,136,21425408,15578310,0.4597839452515707
POLR2B,0,137,15391714,13944770,0.1424297578665029
POLR2B,0,138,14799806,11578775,0.35409563617685563
POLR2B,0,139,8427386,6723179,0.3259416456945589
POLR2B,0,140,9996956,10846882,-0.11771961431638486
POLR2B,0,141,3877174,5263177,-0.4409284314257051
POLR2B,0,142,3484210,6460520,-0.8908187099499585
POLR2B,0,143,14526418,12495543,0.21726540373511805
POLR2B,0,144,9544796,8290902,0.2031852966217736
POLR2B,0,145,8548173,9460041,-0.1462303303407369
POLR2B,0,146,3939371,4942398,-0.3272458995532966
POLR2B,0,147,6257245,5788728,0.11228122431566027
POLR2B,0,148,4542886,6442756,-0.5040688554601813
POLR2B,0,149,8418386,8878453,-0.07676465863069659
POLR2B,0,150,10663628,7953541,0.42302914657163854
POLR2B,0,151,5003610,6519658,-0.38182694250272015
POLR2B,0,152,11925668,10147987,0.232876502723417
POLR2B,0,153,5406574,4942946,0.12934354106482918
POLR2B,0,154,9997211,6582154,0.6029658901092482
POLR2B,0,155,9035913,8780433,0.041378293312083925
POLR2B,0,156,6839165,6835867,0.0006958679639064192
POLR2B,0,157,10722484,9665709,0.14969169706418126
POLR2B,0,158,16249028,12032398,0.4334292267359038
POLR2B,0,159,3371127,5471112,-0.698603110865261
POLR2B,0,160,4144692,5599046,-0.4339161365551459
POLR2B,0,161,6471940,7111244,-0.1359037257629771
POLR2B,0,162,9166259,8106140,0.17731795861129268
POLR2B,0,163,3879746,4273729,-0.13953322379369543
POLR2B,0,164,7923006,8852056,-0.15996468320256488
POLR2B,0,165,6705495,13797269,-1.0409669904925798
POLR2B,0,166,3958839,7572565,-0.9357046602821688
POLR2B,0,167,6193252,6658183,-0.10443137374830107
POLR2B,0,168,20115709,19842794,0.019707406936165253
POLR2B,0,169,9286473,10010970,-0.108379098467665
POLR2B,0,170,16824463,16360594,0.04033532910633096
POLR2B,0,171,21957991,15708425,0.4832075275004179
POLR2B,0,172,10461131,7763104,0.4303333161207874
POLR2B,0,173,5205077,6003576,-0.20590258500362013
POLR2B,0,174,13033185,7895188,0.7231441622768805
POLR2B,0,175,3826479,4689502,-0.29341724232116545
POLR2B,0,176,13691143,7192555,0.9286666413706569
POLR2B,0,177,12700658,7167896,0.825281632170974
POLR2B,0,178,11909539,9472118,0.33035861103818603
POLR2B,0,179,4417925,6717538,-0.6045636500646112
POLR2B,0,180,7040394,3288393,1.0982734407132209
POLR2B,0,181,13439778,7845639,0.7765464481062626
POLR2B,0,182,10724248,6580592,0.7045872054418323
POLR2B,0,183,14210334,10470655,0.4405887701083697
POLR2B,0,184,9930385,7429755,0.41853501403977006
POLR2B,0,185,16500007,10323168,0.6765808598978048
POLR2B,0,186,7187857,7843229,-0.125886016429523
POLR2B,0,187,20313426,6182081,1.716269118489764
POLR2B,0,188,13182937,7531698,0.8076247630862163
POLR2B,0,189,14245314,11399551,0.3215104210465902
POLR2B,0,190,5221574,4740694,0.13938648706621912
POLR2B,0,191,6525056,6391431,0.02985130596782643
POLR2B,0,192,4869765,3436412,0.5029491387763461
POLR2B,0,193,12625657,9791395,0.3667721399018414
POLR2B,0,194,5070954,4810349,0.07611561931467535
POLR2B,0,195,13163937,10595447,0.31314657382356875
POLR2B,0,196,15635143,12816070,0.2868384815763765
POLR2B,0,197,5931944,9870254,-0.7345822330902625
POLR2B,0,198,12318200,9472407,0.37898848171657207
POLR2B,0,199,9420239,10583497,-0.16798083374958211
POLR2B,0,200,8547663,9274210,-0.11769436520661458
POLR2B,0,201,4141641,4953722,-0.25831040236791963
POLR2B,0,202,8079699,6520166,0.3093928528331677
POLR2B,0,203,3352886,4083312,-0.2843363745018633
POLR2B,0,204,5940327,6535806,-0.13782281118577117
POLR2B,0,205,6317953,5005163,0.3360401515759188
POLR2B,0,206,4680010,7834997,-0.7434211098066799
POLR2B,0,207,3824746,3355215,0.18895872578042575
POLR2B,0,208,15979818,8817337,0.8578360710702033
POLR2B,0,209,10724075,9011915,0.25094760280338274
POLR2B,0,210,4476238,5792866,-0.3719905471760272
POLR2B,0,211,11121545,8819569,0.3345771603966542
POLR2B,0,212,7109729,5395268,0.39809994528640097
POLR2B,0,213,8936525,4741718,0.914304078034336
POLR2B,0,214,9024427,7773310,0.21530627980578404
POLR2B,0,215,9743031,8291462,0.23274414738948507
POLR2B,0,216,9737365,6845823,0.5083074299283001
POLR2B,0,217,8819863,6519390,0.43601926432795135
POLR2B,1,1,20208877,15163260,0.414409197212671
POLR2B,1,2,12097156,6717027,0.8487731815489682
POLR2B,1,3,4090420,4679982,-0.19425399579708677
POLR2B,1,4,3429393,3625742,-0.08032302660975575
POLR2B,1,5,8115062,5418319,0.5827567833994679
POLR2B,1,6,3624463,6264847,-0.7895120150629155
POLR2B,1,7,8563283,9145926,-0.09496524175178915
POLR2B,1,8,11043412,10846034,0.026018381617918657
POLR2B,1,9,5201784,3239751,0.6831235586811226
POLR2B,1,10,3301417,3829044,-0.21389886244896555
POLR2B,1,11,4874550,7177272,-0.5581665552817966
POLR2B,1,12,11385467,10789006,0.07763151373486764
POLR2B,1,13,3283242,3414570,-0.056582818547247504
POLR2B,1,14,15725827,4496493,1.8062637606089837
POLR2B,1,15,8952477,7374448,0.27975184382729035
POLR2B,1,16,3188522,4101186,-0.36315333984921483
POLR2B,1,17,5738849,4748631,0.273249761246138
POLR2B,1,18,10005622,10322269,-0.04494927784872291
POLR2B,1,19,8831284,8507206,0.053937820716630704
POLR2B,1,20,7110982,8819046,-0.3105737963484116
POLR2B,1,21,7509084,9936492,-0.4040996791126726
POLR2B,1,22,16448726,15125125,0.12102878206959913
POLR2B,1,23,8623471,6524004,0.4025110132240918
POLR2B,1,24,12631206,12886173,-0.028831477455403688
POLR2B,1,25,3172650,4484407,-0.4992288465645833
POLR2B,1,26,4486207,5408603,-0.26975981531354387
POLR2B,1,27,3835966,4363071,-0.18575401768066815
POLR2B,1,28,10579798,7759437,0.4472881983781363
POLR2B,1,29,18279816,12313957,0.5699571128430974
POLR2B,1,30,4817222,5999191,-0.31656655266852285
POLR2B,1,31,17103577,18598810,-0.12091223856715014
POLR2B,1,32,9406568,6845513,0.45850978904982204
POLR2B,1,33,4947762,6457416,-0.38418086679251157
POLR2B,1,34,3171621,4485165,-0.4999406766595624
POLR2B,1,35,5545581,4886381,0.18257225918447484
POLR2B,1,36,6268580,5674625,0.14361361427875768
POLR2B,1,37,5215044,6199372,-0.2494426520512621
POLR2B,1,38,4659774,4200248,0.14978547248568247
POLR2B,1,39,10200418,9347423,0.1259876862423595
POLR2B,1,40,8624202,3103787,1.47436141519023
POLR2B,1,41,7002462,8441961,-0.26971591507622034
POLR2B,1,42,5561407,5664040,-0.026381532268249925
POLR2B,1,43,3101237,7364679,-1.2477788621858372
POLR2B,1,44,9629371,7316624,0.39626344196530205
POLR2B,1,45,15930173,14929345,0.09361106343139221
POLR2B,1,46,6340191,9422192,-0.5715364281089327
POLR2B,1,47,12157860,8021843,0.599883675347891
POLR2B,1,48,4483933,6190142,-0.46520778360064713
POLR2B,1,49,9939372,5863762,0.7613281526175261
POLR2B,1,50,9296787,8833155,0.07380337479348566
POLR2B,1,51,15651482,10927476,0.518339059301876
POLR2B,1,52,3174188,4687690,-0.5624895882709811
POLR2B,1,53,5996901,8817777,-0.5561978356852374
POLR2B,1,54,10473111,9736789,0.10517206968269215
POLR2B,1,55,10860710,8425386,0.3663037314575061
POLR2B,1,56,3519537,3168563,0.1515569521232114
POLR2B,1,57,12169097,7507831,0.6967540369409786
POLR2B,1,58,3352378,5070649,-0.5969855813417294
POLR2B,1,59,8958847,6787168,0.40050334595110215
POLR2B,1,60,8441699,8961380,-0.08618752696877745
POLR2B,1,61,7182987,3432006,1.0655318294589164
POLR2B,1,62,10056881,8807037,0.19145431091937642
POLR2B,1,63,6124626,7106399,-0.214496944635948
POLR2B,1,64,16308686,15192815,0.1022513436928316
POLR2B,1,65,4944184,5141058,-0.05633285349097835
POLR2B,1,66,7502434,6187102,0.27809490399523945
POLR2B,1,67,4423753,4293463,0.04312907598562683
POLR2B,1,68,6252938,8023474,-0.3596928168620867
POLR2B,1,69,3828573,3171411,0.2716819095909999
POLR2B,1,70,13169551,7389561,0.8336455952654606
POLR2B,1,71,7120709,6787401,0.06916164552656051
POLR2B,1,72,9074842,7757953,0.22619648927575234
POLR2B,1,73,8223343,7359585,0.16010058934115895
POLR2B,1,74,12445844,13021585,-0.06524099716430579
POLR2B,1,75,3101228,4154688,-0.421900544865639
POLR2B,1,76,7649101,5801271,0.3989211827903797
POLR2B,1,77,6550705,4029237,0.7011435133324495
POLR2B,1,78,13817027,10794150,0.35619758458592765
POLR2B,1,79,11844576,9022674,0.3925995898684382
POLR2B,1,80,4682310,5204817,-0.1526269860380253
POLR2B,1,81,11196035,8966807,0.3203216511832198
POLR2B,1,82,7655027,9492607,-0.31039688963818585
POLR2B,1,83,5605222,6775139,-0.2734790319341095
POLR2B,1,84,10922923,8621704,0.3413140385943968
POLR2B,1,85,5207396,4607539,0.176565744194714
POLR2B,1,86,5872772,4219943,0.47681811667410756
POLR2B,1,87,9286085,7173494,0.3723945017963675
POLR2B,1,88,3882294,3231026,0.264917015220636
POLR2B,1,89,9151103,8886658,0.042304677065155845
POLR2B,1,90,10271699,9940160,0.04733385255040391
POLR2B,1,91,5667694,6713452,-0.24429290979942914
POLR2B,1,92,7251014,6923586,0.06666329886794785
POLR2B,1,93,8171873,10265177,-0.3290198154360158
POLR2B,1,94,10860708,5525070,0.9750535062382687
POLR2B,1,95,8621187,8818566,-0.03265755699441425
POLR2B,1,96,7911310,7578248,0.06205225101898408
POLR2B,1,97,3420229,4478784,-0.38901416708793896
POLR2B,1,98,13808078,5327213,1.3740596482514111
POLR2B,1,99,7241420,7696861,-0.0879975643744153
POLR2B,1,100,5020230,6926699,-0.46441452058541294
POLR2B,1,101,3098170,5994334,-0.9521831634609601
POLR2B,1,102,10336411,8891290,0.21727068730112617
POLR2B,1,103,3477625,3617378,-0.056841989088545375
POLR2B,1,104,21295825,16629187,0.3568529838877129
POLR2B,1,105,8237981,6919544,0.25161383182819436
POLR2B,1,106,6012027,4099942,0.5522479876793851
POLR2B,1,107,5936496,3824709,0.6342616499105179
POLR2B,1,108,6598735,5215820,0.3392953989640149
POLR2B,1,109,5196628,6450765,-0.31189447318306235
POLR2B,1,110,3754850,7111831,-0.9214657658682326
POLR2B,1,111,4751973,5405303,-0.18584885304484372
POLR2B,1,112,7644049,6457971,0.24325606389400795
POLR2B,1,113,6057631,3489124,0.7958888287908812
POLR2B,1,114,4562028,4685418,-0.03850245932533005
POLR2B,1,115,5058947,4147069,0.2867450734718759
POLR2B,1,116,14414842,9613234,0.584461267048753
POLR2B,1,117,6326135,7511953,-0.247863693157208
POLR2B,1,118,4490867,5927779,-0.4004976655764265
POLR2B,1,119,5181999,3606306,0.5229869205000273
POLR2B,1,120,8843946,6342797,0.47957104653824334
POLR2B,1,121,3095134,3554632,-0.19969833935320414
POLR2B,1,122,12237526,7639740,0.6797164794134904
POLR2B,1,123,9671798,6784602,0.5115199271515125
POLR2B,1,124,7374961,10459004,-0.5040381465005119
POLR2B,1,125,13236703,13100477,0.014924477663629037
POLR2B,1,126,8904990,3764837,1.2420265869925782
POLR2B,1,127,9607089,9541528,0.009879031907528982
POLR2B,1,128,11708557,12425095,-0.08569359796652053
POLR2B,1,129,9508243,6938854,0.4544813630229218
POLR2B,1,130,8561524,6912609,0.30863730305855236
POLR2B,1,131,7494729,8607553,-0.19972684597523702
POLR2B,1,132,18537725,13928631,0.4124107362826555
POLR2B,1,133,7967636,8095373,-0.022945815595949427
POLR2B,1,134,18728765,10462935,0.8399681649141699
POLR2B,1,135,8822646,7311476,0.2710487205786326
POLR2B,1,136,11468754,7450034,0.622389746346046
POLR2B,1,137,15458486,14337984,0.10855684163125108
POLR2B,1,138,8085898,3617113,1.1605693357242073
POLR2B,1,139,4272193,3901003,0.13113171564629783
POLR2B,1,140,4082267,4087406,-0.0018150079673924186
POLR2B,1,141,8296337,7571583,0.13187954035910013
POLR2B,1,142,6583921,8351100,-0.3430192156351188
POLR2B,1,143,3571277,4350760,-0.28482739756947645
POLR2B,1,144,3228721,3421273,-0.08357044806697843
POLR2B,1,145,10994105,9871279,0.15542123437623145
POLR2B,1,146,5128006,8224885,-0.681597557310452
POLR2B,1,147,5009244,7106409,-0.5045278365659301
POLR2B,1,148,6182957,9339989,-0.5951238785638363
POLR2B,1,149,16981782,13884115,0.2905526375070882
POLR2B,1,150,9731024,7952813,0.291126380200527
POLR2B,1,151,14390661,15244680,-0.08317300686917194
POLR2B,1,152,14141866,15381652,-0.1212379637028564
POLR2B,1,153,12783824,9828334,0.3793006600593759
POLR2B,1,154,8633997,12638370,-0.5497099111468529
POLR2B,1,155,9072003,8346201,0.1203014521868316
POLR2B,1,156,15060455,12967676,0.2158454063595323
POLR2B,1,157,4012372,8220818,-1.0348265851470784
POLR2B,1,158,12033283,4925577,1.288665659712905
POLR2B,1,159,10792855,7240296,0.5759559625664243
POLR2B,1,160,13481880,4670265,1.529445370499514
POLR2B,1,161,21046564,12041484,0.8055715206844337
POLR2B,1,162,10590119,10915747,-0.04369206118518071
POLR2B,1,163,6594143,6390877,0.04517125223266952
POLR2B,1,164,11310029,6248312,0.8560642293572024
POLR2B,1,165,4410429,5598559,-0.3441365502893084
POLR2B,1,166,13546243,10068716,0.4280130637107297
POLR2B,1,167,4484693,5071711,-0.1774633103739364
POLR2B,1,168,6985104,7247506,-0.05320302682206058
POLR2B,1,169,17562893,17481414,0.006708625229863588
POLR2B,1,170,15321387,12035055,0.34830417118430756
POLR2B,1,171,15715575,11911156,0.39988162204179356
POLR2B,1,172,16509682,11635123,0.5048258699692442
POLR2B,1,173,3749669,3426891,0.12986294368981136
POLR2B,1,174,6713502,3357295,0.9997662136649165
POLR2B,1,175,6849188,6975645,-0.026393660627522925
POLR2B,1,176,5715788,3749959,0.6080775854512843
POLR2B,1,177,6444688,4802381,0.4243606513257026
POLR2B,1,178,14005745,13872421,0.01379913872691273
POLR2B,1,179,9261006,9990323,-0.10936240459458829
POLR2B,1,180,5218465,5149067,0.019314460922738145
POLR2B,1,181,8891318,7634065,0.21994582168636784
POLR2B,1,182,4411333,8088836,-0.8747174410128904
POLR2B,1,183,6304577,4543059,0.4727355358846384
POLR2B,1,184,3560047,4089972,-0.20019467860985493
POLR2B,1,185,7923169,5030060,0.6555019660078852
POLR2B,1,186,6442583,6640498,-0.04365222115255281
POLR2B,1,187,8160096,7374186,0.14610231881473157
POLR2B,1,188,12536517,9392324,0.41658250021298565
POLR2B,1,189,9346718,9597549,-0.03820615373108617
POLR2B,1,190,12356434,10061579,0.2964057190622638
POLR2B,1,191,4555570,4690751,-0.042187342452229715
POLR2B,1,192,8225132,7244134,0.1832255988328977
POLR2B,1,193,3156523,3158336,-0.0008283973342862954
POLR2B,1,194,4747570,4093227,0.21395059497096794
POLR2B,1,195,9911394,7539814,0.3945590472456324
POLR2B,1,196,10667694,9743534,0.1307313064432798
POLR2B,1,197,7940723,5315441,0.5790809790976733
POLR2B,1,198,7445845,6856280,0.11900955583467351
POLR2B,1,199,5478964,5615932,-0.03562234268272819
POLR2B,1,200,10207877,7907457,0.36839713990190354
POLR2B,1,201,17500049,15191836,0.20406272519916
POLR2B,1,202,11441529,9741183,0.23211096747502186
POLR2B,1,203,4156716,4355628,-0.06743656159635383
POLR2B,1,204,17345897,13418609,0.37035932132658994
SRSF1,0,1,5607478,5609017,-0.0003959004451678643
SRSF1,0,2,1987629,2183466,-0.1355715698294447
SRSF1,0,3,14094396,9097524,0.6315757969771482
SRSF1,0,4,5694244,3382048,0.7516071788402842
SRSF1,0,5,2256413,2586656,-0.19705704846108157
SRSF1,0,6,1780033,1647660,0.11148541911815493
SRSF1,0,7,2325531,2250271,0.04746141595098434
SRSF1,0,8,1656885,1994540,-0.2675825842107598
SRSF1,0,9,3371053,3629612,-0.10661602487652949
SRSF1,0,10,2192957,2979642,-0.44226147962458834
SRSF1,0,11,2651687,1992227,0.4125284510300809
SRSF1,0,12,1713970,1852213,-0.11190815670918411
SRSF1,0,13,2855742,3380301,-0.2432860714888905
SRSF1,0,14,6736186,5677868,0.24658266529942743
SRSF1,0,15,3769654,3967286,-0.07372029359530011
SRSF1,0,16,2792487,2256672,0.30735382178202447
SRSF1,0,17,3504689,2712629,0.36959468062500883
SRSF1,0,18,2577994,1914937,0.4289519766485938
SRSF1,0,19,2832226,2109514,0.42502572897339036
SRSF1,0,20,2252825,2648861,-0.2336368906962048
SRSF1,0,21,4366133,3570476,0.29023965722623296
SRSF1,0,22,1785652,1787954,-0.0018586740919336586
SRSF1,0,23,3706153,3836965,-0.05004316409519491
SRSF1,0,24,2181679,2379309,-0.12510379898688984
SRSF1,0,25,2053168,2649138,-0.3676713186692308
SRSF1,0,26,4436791,1919799,1.2085613240928406
SRSF1,0,27,2318128,1656889,0.4844832744928191
SRSF1,0,28,6667314,3844140,0.7944447943752363
SRSF1,0,29,6459200,2376241,1.4426743292465891
SRSF1,0,30,2308161,1648705,0.48541057619823386
SRSF1,0,31,3961649,2379563,0.7354044128704628
SRSF1,0,32,4625481,3831365,0.27174492557191593
SRSF1,0,33,6590239,6257697,0.07469898216523446
SRSF1,0,34,10548027,6401081,0.7205856993584919
SRSF1,0,35,1987634,1789500,0.15149558185969336
SRSF1,0,36,2181673,3039024,-0.4781731887035267
SRSF1,0,37,2578495,2449464,0.07406315963380204
SRSF1,0,38,5351975,4167715,0.36081475144692315
SRSF1,0,39,1845062,1714748,0.10567272330086716
SRSF1,0,40,4686132,4030513,0.21743411758322953
SRSF1,0,41,3111977,2115882,0.5565722252322386
SRSF1,0,42,4295208,4169256,0.042938038092301664
SRSF1,0,43,1649472,1910335,-0.21182136603228643
SRSF1,0,44,6200108,4099120,0.5969791212209475
SRSF1,0,45,1777967,2446630,-0.4605673941753759
SRSF1,0,46,1980470,2173774,-0.13435910841201867
SRSF1,0,47,3104306,2773806,0.16240388586737833
SRSF1,0,48,2236207,1842989,0.27900628080178846
SRSF1,0,49,4949812,4484394,0.14246069161938554
SRSF1,0,50,2979629,2121256,0.4902139683594418
SRSF1,0,51,1981482,2379060,-0.2638117952902617
SRSF1,0,52,3372349,3766073,-0.15930711819221252
SRSF1,0,53,3247419,2145842,0.597749687887394
SRSF1,0,54,2247464,2446372,-0.12234579275315309
SRSF1,0,55,2175315,1975870,0.1387362982200948
SRSF1,0,56,2639643,3302689,-0.3232982989644401
SRSF1,0,57,4615976,3829288,0.269559553869947
SRSF1,0,58,2904909,2447660,0.247089800262088
SRSF1,0,59,3106092,3108899,-0.0013031862009565557
SRSF1,0,60,2325298,2319917,0.003342426771391027
SRSF1,0,61,1916979,1719094,0.15718609926111338
SRSF1,0,62,1784112,1718584,0.05398581651274964
SRSF1,0,63,2373467,1780289,0.41488453359441885
SRSF1,0,64,3163737,1780555,0.829302674070748
SRSF1,0,65,2108475,1646904,0.3564434547128502
SRSF1,0,66,1846083,2109518,-0.19244597967737145
SRSF1,0,67,4031561,4355901,-0.1116326140202169
SRSF1,0,68,15120958,4869936,1.6345748276620848
SRSF1,0,69,3317035,3049766,0.1211956819619686
SRSF1,0,70,2965602,3099971,-0.06392972603436786
SRSF1,0,71,1647164,1911369,-0.21462212094201719
SRSF1,0,72,5414444,5287730,0.03416468515501537
SRSF1,0,73,2637141,2175560,0.2775879041639917
SRSF1,0,74,2116136,2641702,-0.32003538134354265
SRSF1,0,75,2710825,2973483,-0.13342184598956877
SRSF1,0,76,4345398,1647653,1.3990758820000058
SRSF1,0,77,2764880,1910858,0.5329962941552995
SRSF1,0,78,1979481,1647669,0.2646957709423074
SRSF1,0,79,1715764,1780531,-0.053456427426575026
SRSF1,0,80,5399591,4018221,0.4262932186398721
SRSF1,0,81,2107706,1974069,0.09450122469104237
SRSF1,0,82,2181689,2905135,-0.4131597464337742
SRSF1,0,83,2984235,4237875,-0.5059798865388558
SRSF1,0,84,4492862,2697783,0.7358604418715209
SRSF1,0,85,6131506,4419124,0.47248105388837863
SRSF1,0,86,1647927,1916993,-0.21819273362134806
SRSF1,0,87,1779778,1649216,0.10991693551456583
SRSF1,0,88,4885848,4026702,0.27901027350217633
SRSF1,0,89,6660660,5797681,0.20018918437424119
SRSF1,0,90,5356089,4098347,0.3861377935196022
SRSF1,0,91,1847107,1646907,0.16550835268327832
SRSF1,0,92,3840059,3630914,0.08079571758954132
SRSF1,0,93,2778935,2908217,-0.0656028317179779
SRSF1,0,94,4290096,3697201,0.21457645302455675
SRSF1,0,95,2107200,2172740,-0.04418829465756625
SRSF1,0,96,4221484,4088105,0.046317994786110116
SRSF1,0,97,1991985,2048296,-0.040217431090946505
SRSF1,0,98,4770865,8311103,-0.8007890922684034
SRSF1,0,99,3569726,2308664,0.6287551217479096
SRSF1,0,100,6005295,4427064,0.4398848876790415
SRSF1,0,101,1974078,2039609,-0.047113614289273756
SRSF1,0,102,3179578,3575610,-0.1693540862168328
SRSF1,0,103,1850399,2907171,-0.6517795419724562
SRSF1,0,104,1847383,1647153,0.1655084276093744
SRSF1,0,105,2240079,1975101,0.18162318241628117
SRSF1,0,106,2501709,1843258,0.44065596579519173
SRSF1,0,107,4412459,2773298,0.6699802260714076
SRSF1,0,108,3433776,3236915,0.08517644770616248
SRSF1,0,109,10345784,4209452,1.2973386403331162
SRSF1,0,110,1979466,1712171,0.20928449183860637
SRSF1,0,111,1650970,2912552,-0.8189699024437842
SRSF1,0,112,5738044,4090678,0.48821905175457686
SRSF1,0,113,4229684,3174448,0.4140441379019408
SRSF1,0,114,2305880,2043485,0.17428578240210849
SRSF1,0,115,6188854,2108726,1.553300639129993
SRSF1,0,116,1908793,1645878,0.2138032568757127
SRSF1,0,117,1845567,1714498,0.10627789165156253
SRSF1,0,118,3370029,3105329,0.11801488061754536
SRSF1,0,119,3161174,1977143,0.6770432274173313
SRSF1,0,120,1648191,1844286,-0.1621789585888684
SRSF1,0,121,2107979,1974846,0.0941203394899465
SRSF1,0,122,1781077,2701151,-0.6008244030086352
SRSF1,0,123,5343277,4350765,0.29645571564146567
SRSF1,0,124,2379308,1848616,0.3640964648944637
SRSF1,0,125,1779259,1911108,-0.10313277624760893
SRSF1,0,126,1717333,2042932,-0.2504713713486434
SRSF1,0,127,3899956,3305781,0.23846669458668895
SRSF1,0,128,1910086,2239298,-0.22940893525765238
SRSF1,0,129,3042113,1716294,0.8257770366126915
SRSF1,0,130,2578735,2113337,0.28714068151967337
SRSF1,0,131,3443488,3044388,0.17771841087285029
SRSF1,0,132,1713203,2175303,-0.3445202606511306
SRSF1,0,133,2118686,1985054,0.09399153488402705
SRSF1,0,134,4887373,1982783,1.3015324194162414
SRSF1,0,135,11534165,8779345,0.3937283520426949
SRSF1,0,136,1847102,1847638,-0.000418586719141911
SRSF1,1,1,33255028,19576410,0.7644562636069603
SRSF1,1,2,11330848,9951517,0.18726746578729792
SRSF1,1,3,1654298,1514782,0.12710895739381667
SRSF1,1,4,1387559,1719330,-0.30929735820769266
SRSF1,1,5,2909744,2973223,-0.031135443398253373
SRSF1,1,6,5473049,4228890,0.3720657388821618
SRSF1,1,7,2257949,1514526,0.5761465552963838
SRSF1,1,8,1449239,1584679,-0.12889509557119672
SRSF1,1,9,3444515,1658142,1.0547332989480105
SRSF1,1,10,2843162,1784863,0.6716829622602047
SRSF1,1,11,2719267,1792055,0.601602898122158
SRSF1,1,12,3104787,4024854,-0.37444215341457215
SRSF1,1,13,4494876,2517524,0.8362757849431672
SRSF1,1,14,2584597,3373846,-0.38445477528482463
SRSF1,1,15,2847756,1389583,1.0351735298251472
SRSF1,1,16,1976105,1853966,0.09204481978239111
SRSF1,1,17,1383461,1515310,-0.1313309937222678
SRSF1,1,18,4747565,1585187,1.5825347117453463
SRSF1,1,19,1581356,1450025,0.1250844143762213
SRSF1,1,20,4621082,3900440,0.24459380962335514
SRSF1,1,21,1514814,1383992,0.1303050561960842
SRSF1,1,22,4423447,3702811,0.2565501245087157
SRSF1,1,23,1581889,1646388,-0.05765600153514356
SRSF1,1,24,2240061,1385515,0.6931156894732858
SRSF1,1,25,1851665,1918224,-0.05094808811252997
SRSF1,1,26,3038229,4026134,-0.4061645756406911
SRSF1,1,27,1776689,1842234,-0.05226515641164485
SRSF1,1,28,2653474,2183471,0.2812590426674443
SRSF1,1,29,1448232,1775657,-0.2940601922359133
SRSF1,1,30,1448228,2636086,-0.8641086885502968
SRSF1,1,31,3832096,3770143,0.023514457923170896
SRSF1,1,32,5344049,4420388,0.273760228178873
SRSF1,1,33,1579046,1643552,-0.05776390256823741
SRSF1,1,34,1388569,2110744,-0.6041527445719856
SRSF1,1,35,4955933,3639579,0.44538510398366066
SRSF1,1,36,3570203,1720599,1.0530952031255625
SRSF1,1,37,1381658,1446678,-0.06634329262637574
SRSF1,1,38,1909816,1383736,0.46486492886570424
SRSF1,1,39,1649470,1713467,-0.054915868081215985
SRSF1,1,40,1579046,2042680,-0.37141001387992467
SRSF1,1,41,1451311,1846605,-0.3475185918812975
SRSF1,1,42,3567391,2117145,0.7527492687970697
SRSF1,1,43,1711646,2042166,-0.2547157856262735
SRSF1,1,44,1382946,1646896,-0.25200462848475286
SRSF1,1,45,3565357,2246689,0.66624610933631
SRSF1,1,46,2579489,2643486,-0.0353563919127775
SRSF1,1,47,1513255,1908521,-0.3347999431088384
SRSF1,1,48,1714965,2311448,-0.43061777368986665
SRSF1,1,49,1980731,1383983,0.5172067414577333
SRSF1,1,50,4281638,1775386,1.2700300993419034
SRSF1,1,51,1452585,3168047,-1.1249711515029466
SRSF1,1,52,6739015,5877311,0.19738149596842294
SRSF1,1,53,1382700,1447979,-0.06655250569760177
SRSF1,1,54,2043448,1449789,0.4951625833360771
SRSF1,1,55,1384751,1909311,-0.46342553633721695
SRSF1,1,56,2370893,2305858,0.040126883218114785
SRSF1,1,57,1515561,1580333,-0.060376667541323745
SRSF1,1,58,1646635,1776944,-0.1098774191789399
SRSF1,1,59,1858113,1586992,0.22754338541068175
SRSF1,1,60,1778726,2174018,-0.289519594470201
SRSF1,1,61,6271793,3829539,0.7117072132726942
SRSF1,1,62,13988409,7291183,0.9400070669671592
SRSF1,1,63,2576971,1856279,0.47326273707703237
SRSF1,1,64,1449270,1647164,-0.18465780923422234
SRSF1,1,65,1514286,1450545,0.06204265712254565
SRSF1,1,66,1516614,1846586,-0.2840065081854587
SRSF1,1,67,1448224,1846340,-0.35038348249256296
SRSF1,1,68,1909828,1580345,0.27320317145513817
SRSF1,1,69,1713704,2047794,-0.25695265213948765
SRSF1,1,70,6597180,4485169,0.5566871219560162
SRSF1,1,71,2580521,2382378,0.11526003459651367
SRSF1,1,72,1842224,1776950,0.05204540526708302
SRSF1,1,73,2107455,1447718,0.5417212177558187
SRSF1,1,74,2512676,2244647,0.1627360729770495
SRSF1,1,75,1579300,1777200,-0.17032079837701156
SRSF1,1,76,2702922,1848678,0.5480259195371885
SRSF1,1,77,1447959,2111521,-0.5442618433915777
SRSF1,1,78,2049058,2380581,-0.21635289646611444
SRSF1,1,79,3435058,1847868,0.8944727553263114
SRSF1,1,80,1845313,1451321,0.34649889859062943
SRSF1,1,81,1987616,2508830,-0.33597565555907627
SRSF1,1,82,1516874,1448504,0.06653758370668919
SRSF1,1,83,2779172,2254887,0.30159998719043474
SRSF1,1,84,2633044,1911385,0.4621132281366961
SRSF1,1,85,1446961,1515832,-0.06708383078022541
SRSF1,1,86,1516610,1712430,-0.17519487470021314
SRSF1,1,87,2573607,4162342,-0.6936037442660096
SRSF1,1,88,2044729,1450048,0.49580898931962525
SRSF1,1,89,5477415,3562793,0.6204865266342476
SRSF1,1,90,6326048,3822109,0.7269355805060388
SRSF1,1,91,2773033,1384243,1.0023675587228469
SRSF1,1,92,1450290,1384238,0.06724939524162342
